prompt,output,flag,username,timestamp
tell me about artificial intelligence,"'
Artificial Intelligence (AI) is the field of study devoted to creating machines that can perform tasks that would typically require human intelligence, such as learning, problem-solving, decision-making, and perception. AI research focuses on developing algorithms and models that enable machines to make decisions based on data and context, rather than simply following rules programmed by humans.

There are several subfields within AI, including:

1. Machine Learning (ML): ML is a subset of AI that focuses on creating algorithms that can learn from data without being explicitly programmed. ML involves training machines to make predictions or decisions based on patterns in the data.
2. Natural Language Processing (NLP): NLP is a subfield of AI that deals with the interaction between computers and human language. NLP allows machines to understand, interpret, and generate human language, enabling applications such as speech recognition, machine translation, and chatbots.
3. Computer Vision: Computer vision is the field of AI concerned with enabling machines to interpret and understand visual data from the world. This involves developing algorithms that can recognize objects, scenes, and activities, and perform tasks such as image classification, object detection, and facial recognition.
4. Robotics: Robotics is the field of AI concerned with creating machines that can interact with the physical world. Robotics involves developing algorithms and models that enable machines to perceive their environment, make decisions based on sensor data, and perform tasks such as assembly, maintenance, and logistics.
5. Expert Systems: Expert systems are a type of AI that mimic the decision-making abilities of a human expert in a particular domain. These systems use a knowledge base and inference engine to provide recommendations or solutions to complex problems.
6. Reinforcement Learning (RL): RL is a subfield of ML that involves training machines to make decisions based on feedback from their environment. RL algorithms learn by trial and error, receiving rewards or penalties for their actions, and adapting their behavior accordingly.
7. Generative Adversarial Networks (GANs): GANs are a type of ML algorithm that can generate new data that resembles existing data. GANs consist of two neural networks that compete with each other to generate realistic data, such as images or text.
8. Deep Learning (DL): DL is a subset of ML that involves the use of neural networks with multiple layers. DL algorithms can learn complex patterns in large datasets and have been successful in applications such as image recognition, speech recognition, and natural language processing.
9. Evolutionary Algorithms: Evolutionary algorithms are a type of AI that simulate the process of natural selection to solve optimization problems. These algorithms use techniques such as mutation and crossover to generate new solutions and evolve towards better ones.
10. Swarm Intelligence (SI): SI is a subfield of AI that involves studying the collective behavior of decentralized, self-organizing systems such as ant colonies, flocks of birds, or school of fish. SI algorithms can solve complex problems by emulating the behavior of these biological systems.

AI has numerous applications across various industries, including:

1. Healthcare: AI can help diagnose diseases more accurately and efficiently, provide personalized treatment recommendations, and assist in drug discovery and development.
2. Finance: AI can analyze financial data to make predictions about market trends, detect fraud, and optimize investment strategies.
3. Retail: AI-powered chatbots can improve customer service, recommendation systems can enhance personalized shopping experiences, and supply chain optimization can lead to more efficient logistics.
4. Manufacturing: AI can optimize production processes, predict maintenance needs, and improve product quality control.
5. Transportation: AI can improve autonomous vehicles' navigation, traffic flow prediction, and route optimization.
6. Education: AI can personalize learning experiences, automate grading, and identify students who need extra support.
7. Security: AI-powered systems can detect and prevent cyber attacks, analyze surveillance footage for suspicious activity, and improve emergency response times.
8. Energy: AI can optimize energy consumption, predict energy demand, and improve the efficiency of renewable energy sources.
9. Agriculture: AI can optimize crop yields, predict weather patterns, and reduce water consumption.
10. Environmental monitoring: AI can monitor air quality, track climate change, and detect natural disasters such as earthquakes or hurricanes.

While AI has the potential to revolutionize many industries, it also raises important ethical and societal questions, such as:

1. Bias and discrimination: AI systems can perpetuate existing biases if they are trained on biased data or designed with a particular worldview.
2. Privacy concerns: AI algorithms often require access to vast amounts of personal data, which raises concerns about privacy and data protection.
3. Job displacement: AI has the potential to automate many jobs currently performed by humans, which could lead to job displacement and social unrest.
4. Transparency and explainability: As AI systems become more complex, it can be difficult to understand how they make decisions, which raises questions about their transparency and accountability.
5. Autonomous weapons: The development of autonomous weapons, such as drones or robots that can select and engage targets without human intervention, raises ethical concerns about the potential for lethal autonomous decision-making without human oversight.

Overall, AI has the potential to bring significant benefits to society, but it is important to address these ethical and societal questions to ensure that its development and deployment are responsible and equitable.",,,2024-05-20 11:14:38.983167
,,,,2024-05-20 11:15:01.027091
